id,speed,altitude,battery,heading
Log_0,10.9,364.1,100.0,226
Log_1,14.0,328.3,99.5,336
Log_2,22.5,321.2,99.1,63
Log_3,9.5,298.2,98.7,238
Log_4,20.4,233.3,98.2,354
Log_5,9.8,234.7,97.8,144
Log_6,14.6,83.8,97.3,124
Log_7,14.5,195.1,96.8,344
Log_8,16.1,347.6,96.4,327
Log_9,18.3,350.9,96.0,190
Log_10,25.0,116.5,95.5,265
Log_11,14.9,213.8,95.0,116
Log_12,25.1,139.2,94.6,11
Log_13,24.3,291.5,94.2,86
Log_14,12.6,215.7,93.7,112
Log_15,25.4,366.5,93.2,161
Log_16,20.3,298.7,92.8,357
Log_17,17.9,218.2,92.3,30
Log_18,23.0,87.3,91.9,114
Log_19,14.3,174.7,91.5,304
Log_20,17.9,183.0,91.0,113
Log_21,14.2,266.6,90.5,163
Log_22,23.6,325.4,90.1,22
Log_23,19.9,203.7,89.7,344
Log_24,21.4,238.7,89.2,25
Log_25,21.8,195.3,88.8,106
Log_26,9.7,188.5,88.3,271
Log_27,15.4,340.7,87.8,41
Log_28,21.1,327.6,87.4,274
Log_29,25.0,305.4,87.0,322
Log_30,20.5,165.1,86.5,340
Log_31,9.4,238.6,86.0,93
Log_32,17.4,345.4,85.6,96
Log_33,9.1,297.1,85.2,3
Log_34,25.2,148.8,84.7,70
Log_35,23.8,132.7,84.2,119
Log_36,15.6,305.1,83.8,88
Log_37,16.0,87.2,83.3,50
Log_38,20.9,301.8,82.9,33
Log_39,10.7,106.9,82.5,87
Log_40,23.1,336.2,82.0,115
Log_41,25.4,347.9,81.5,157
Log_42,21.6,274.6,81.1,326
Log_43,14.9,325.6,80.7,288
Log_44,23.1,244.8,80.2,164
Log_45,9.2,312.0,79.8,79
Log_46,12.9,197.7,79.3,310
Log_47,16.1,168.9,78.8,311
Log_48,19.4,81.0,78.4,237
Log_49,13.3,223.3,78.0,336
Log_50,20.0,294.5,77.5,3
Log_51,8.9,346.1,77.0,101
Log_52,20.7,132.6,76.6,103
Log_53,8.2,263.2,76.2,128
Log_54,10.5,144.6,75.7,16
Log_55,12.1,233.1,75.2,341
Log_56,15.9,214.8,74.8,66
Log_57,20.3,255.3,74.3,332
Log_58,8.1,102.7,73.9,270
Log_59,9.3,226.1,73.5,295
Log_60,22.4,288.9,73.0,118
Log_61,23.1,323.1,72.5,303
Log_62,19.8,86.4,72.1,274
Log_63,14.0,105.8,71.7,123
Log_64,13.6,187.6,71.2,216
Log_65,9.4,241.4,70.8,208
Log_66,19.1,370.3,70.3,206
Log_67,26.0,330.9,69.8,251
Log_68,15.0,87.0,69.4,283
Log_69,14.9,185.5,69.0,152
Log_70,10.4,155.3,68.5,274
Log_71,12.0,296.1,68.0,357
Log_72,18.8,319.7,67.6,232
Log_73,24.5,160.3,67.2,170
Log_74,12.3,344.4,66.7,338
Log_75,17.3,169.9,66.2,229
Log_76,25.2,197.4,65.8,111
Log_77,15.6,367.8,65.3,110
Log_78,18.8,185.3,64.9,167
Log_79,25.1,265.3,64.4,102
Log_80,9.4,194.0,64.0,88
Log_81,13.5,287.0,63.5,337
Log_82,21.7,252.1,63.1,14
Log_83,22.2,307.7,62.6,213
Log_84,17.6,219.8,62.2,0
Log_85,21.4,323.2,61.8,123
Log_86,25.6,290.3,61.3,24
Log_87,10.9,280.4,60.9,169
Log_88,18.6,299.9,60.4,216
Log_89,8.5,159.9,59.9,191
Log_90,23.5,312.1,59.5,115
Log_91,12.9,194.1,59.0,163
Log_92,23.9,262.3,58.6,1
Log_93,17.2,162.9,58.1,111
Log_94,13.7,149.5,57.7,189
Log_95,15.9,227.8,57.2,201
Log_96,13.7,119.2,56.8,234
Log_97,11.7,338.6,56.4,25
Log_98,21.0,356.7,55.9,338
Log_99,16.0,317.2,55.4,218
Log_100,22.4,112.0,55.0,240
Log_101,18.8,108.2,54.5,206
Log_102,23.1,355.3,54.1,131
Log_103,22.8,205.9,53.6,224
Log_104,23.9,157.6,53.2,1
Log_105,22.8,254.5,52.8,82
Log_106,21.2,241.8,52.3,267
Log_107,22.6,225.9,51.9,349
Log_108,22.7,156.6,51.4,171
Log_109,15.5,139.4,50.9,114
Log_110,8.7,183.1,50.5,331
Log_111,23.0,179.7,50.0,261
Log_112,25.5,323.3,49.6,226
Log_113,23.8,342.9,49.1,270
Log_114,13.0,228.4,48.7,152
Log_115,15.1,330.6,48.2,263
Log_116,11.7,368.1,47.8,24
Log_117,8.9,238.0,47.4,143
Log_118,25.6,204.2,46.9,17
Log_119,14.8,285.5,46.4,46
Log_120,24.2,120.8,46.0,333
Log_121,21.8,326.0,45.5,221
Log_122,22.0,272.7,45.1,156
Log_123,12.0,346.2,44.6,168
Log_124,16.3,147.0,44.2,358
Log_125,8.7,276.9,43.8,328
Log_126,11.7,114.9,43.3,259
Log_127,10.2,211.5,42.9,330
Log_128,12.4,318.9,42.4,130
Log_129,19.7,253.8,41.9,114
Log_130,17.0,326.4,41.5,305
Log_131,13.6,123.5,41.0,112
Log_132,8.1,93.3,40.6,318
Log_133,19.6,280.5,40.1,22
Log_134,15.6,202.6,39.7,183
Log_135,26.0,345.9,39.2,258
Log_136,24.7,317.7,38.8,333
Log_137,20.6,213.4,38.4,101
Log_138,10.7,266.6,37.9,329
Log_139,22.0,91.3,37.4,165
Log_140,15.5,248.7,37.0,79
Log_141,10.4,330.4,36.5,19
Log_142,23.1,233.7,36.1,330
Log_143,25.9,88.0,35.6,304
Log_144,18.8,236.2,35.2,240
Log_145,22.7,284.6,34.8,44
Log_146,24.3,304.2,34.3,61
Log_147,17.6,205.9,33.8,110
Log_148,10.3,280.0,33.4,154
Log_149,16.2,206.9,33.0,188
Log_150,16.1,89.8,32.5,21
Log_151,13.6,192.1,32.0,160
Log_152,25.3,237.1,31.6,183
Log_153,20.1,252.4,31.1,148
Log_154,8.0,337.9,30.7,209
Log_155,19.3,343.9,30.2,26
Log_156,24.8,301.2,29.8,65
Log_157,25.0,298.6,29.3,195
Log_158,14.2,130.0,28.9,246
Log_159,20.6,143.8,28.5,68
Log_160,23.2,127.5,28.0,64
Log_161,18.0,136.8,27.5,90
Log_162,8.7,310.7,27.1,331
Log_163,15.1,146.7,26.6,238
Log_164,9.5,274.8,26.2,187
Log_165,13.5,279.2,25.8,165
Log_166,17.6,118.8,25.3,63
Log_167,10.5,155.6,24.8,255
Log_168,23.2,286.7,24.4,298
Log_169,8.7,301.1,24.0,355
Log_170,20.3,339.9,23.5,304
Log_171,17.6,97.0,23.0,281
Log_172,24.2,222.1,22.6,241
Log_173,17.3,177.4,22.1,150
Log_174,24.7,118.9,21.7,307
Log_175,16.7,148.1,21.2,282
Log_176,20.7,124.3,20.8,161
Log_177,9.9,283.7,20.3,238
Log_178,25.3,143.0,19.9,166
Log_179,12.0,90.2,19.5,158
Log_180,17.7,246.9,19.0,242
Log_181,11.6,353.4,18.5,55
Log_182,20.3,87.0,18.1,97
Log_183,20.1,348.4,17.6,335
Log_184,24.4,240.5,17.2,61
Log_185,20.7,113.9,16.8,187
Log_186,17.8,345.6,16.3,49
Log_187,14.3,361.0,15.8,261
Log_188,19.9,371.2,15.4,226
Log_189,12.9,322.9,15.0,172
Log_190,16.8,125.3,14.5,176
Log_191,24.6,98.1,14.0,12
Log_192,21.6,356.5,13.6,176
Log_193,8.2,262.1,13.1,170
Log_194,18.2,320.3,12.7,352
Log_195,16.6,213.9,12.2,250
Log_196,9.9,243.2,11.8,168
Log_197,21.2,321.1,11.3,322
Log_198,9.7,144.8,10.9,139
Log_199,12.2,260.8,10.5,147
